﻿{"total":20,"excelpath":"E:\\Seafile\\私人资料库\\个人研究\\批量发消息\\18.调用脚本执行（有输入输出）","now_row":21,"now_col":1,"wordmbpath":"D:\\老黄牛小工具\\word模板","contents":{"模板名":"and health with ","生成名":"","生成文件路径":"","大写金额":"","info":"","数据03":"","数据04":"","数据05":"","数据06":"","md5":"","数据08":"","数据09":"","数据10":"","数据11":"","数据12":"","数据13":"","数据14":"","数据15":"","数据16":"","数据17":""}}