
CREATE TABLE `qw_auth_group` (  `id` mediumint(8) unsigned NOT NULL AUTO_INCREMENT,  `title` char(100) NOT NULL DEFAULT '',  `status` tinyint(1) NOT NULL DEFAULT '1',  `rules` varchar(255) NOT NULL DEFAULT '',  PRIMARY KEY (`id`)) ENGINE=MyISAM AUTO_INCREMENT=11 DEFAULT CHARSET=utf8;

INSERT INTO `qw_auth_group` VALUES (1,'超级管理员',1,'1,2,58,65,59,60,61,62,3,56,4,6,5,7,8,9,10,51,52,53,57,11,54,12,13,14,15,16,17,18,19,20,21,22,23,24,25,26,27,29,30,31,32,33,34,36,37,38,39,40,41,42,43,44,45,46,47,63,48,49,50,55'),(2,'学院管理员',1,'71,73,74,75,99,100,72,76,77,78,79,80,81,82,95,96,105,107,106,97,98,66,67,68,69,101,102,103,104,87,88,85,86,89,114,115,116,117,118,1,108,113,109,110,111,112,13,14,15,16,17,18,19,20,21,22,23,48,49,50,55'),(3,'班干部',1,'108,113,109,110,71,73,74,75,99,100,72,76,77,78,79,80,81,82,95,96,97,98,1,48,49,50,55,119,120,123,121,125,122,124,126,127,128,129'),(6,'同学',1,'71,73,74,75,100,82,105,107,106,97,98,66,67,68,101,102,103,104,115,118,1,108,113,109,110,48,49,50,55'),(8,'教师',1,'71,73,74,75,99,100,72,76,77,78,79,80,81,82,95,96,105,107,106,97,98,66,67,68,69,101,102,103,104,87,88,85,86,89,116,118,1,108,113,109,110,48,49,50,55'),(10,'社会',1,'1,48,49,50,55,119,120,123,121,125,122,124,126,127,128,129');


CREATE TABLE `qw_auth_group_access` (  `uid` mediumint(8) unsigned NOT NULL,  `group_id` mediumint(8) unsigned NOT NULL,  UNIQUE KEY `uid_group_id` (`uid`,`group_id`),  KEY `uid` (`uid`),  KEY `group_id` (`group_id`)) ENGINE=MyISAM DEFAULT CHARSET=utf8;

INSERT INTO `qw_auth_group_access` VALUES (0,6),(1,1),(3999,10),(4000,6),(4002,6),(4003,6),(4004,6),(4005,6),(4006,6),(4007,6),(4008,6),(4009,6),(4010,6),(4011,1),(4012,1),(4013,1),(4014,1),(4015,1),(4016,1),(4017,1),(4018,1),(4019,1),(4020,1),(4021,1),(4022,1),(4023,1),(4024,1),(4025,1),(4026,1),(4027,3),(4028,10),(4029,10);
/*!40000 ALTER TABLE `qw_auth_group_access` ENABLE KEYS */;


CREATE TABLE `qw_auth_rule` (  `id` int(11) NOT NULL AUTO_INCREMENT,  `pid` int(11) NOT NULL,  `name` char(80) NOT NULL DEFAULT '',  `title` char(20) NOT NULL DEFAULT '',  `icon` varchar(255) NOT NULL,  `type` tinyint(1) NOT NULL DEFAULT '1',  `status` tinyint(1) NOT NULL DEFAULT '1',  `condition` char(100) NOT NULL DEFAULT '',  `islink` tinyint(1) NOT NULL DEFAULT '1',  `o` int(11) NOT NULL COMMENT '排序',  `tips` text NOT NULL,  PRIMARY KEY (`id`)) ENGINE=MyISAM AUTO_INCREMENT=130 DEFAULT CHARSET=utf8;


INSERT INTO `qw_auth_rule` VALUES (1,0,'Index/index','控制台','menu-icon fa fa-tachometer',1,1,'',1,1,'友情提示：经常查看操作日志，发现异常以便及时追查原因。'),(2,0,'','系统设置','menu-icon fa fa-cog',1,1,'',1,2,''),(3,2,'Setting/setting','网站设置','menu-icon fa fa-caret-right',1,1,'',1,3,'这是网站设置的提示。'),(4,2,'Menu/index','后台菜单','menu-icon fa fa-caret-right',1,1,'',1,4,''),(5,2,'Menu/add','新增菜单','menu-icon fa fa-caret-right',1,1,'',1,5,''),(6,4,'Menu/edit','编辑菜单','',1,1,'',0,6,''),(7,2,'Menu/update','保存菜单','menu-icon fa fa-caret-right',1,1,'',0,7,''),(8,2,'Menu/del','删除菜单','menu-icon fa fa-caret-right',1,1,'',0,8,''),(9,2,'Database/backup','数据库备份','menu-icon fa fa-caret-right',1,1,'',1,9,''),(10,9,'Database/recovery','数据库还原','',1,1,'',0,10,''),(11,2,'Update/update','在线升级','menu-icon fa fa-caret-right',1,1,'',1,11,''),(12,2,'Update/devlog','开发日志','menu-icon fa fa-caret-right',1,1,'',1,12,''),(13,0,'','用户及组','menu-icon fa fa-users',1,1,'',1,13,''),(14,13,'Member/index','用户管理','menu-icon fa fa-caret-right',1,1,'',1,14,''),(15,13,'Member/add','新增用户','menu-icon fa fa-caret-right',1,1,'',1,15,''),(16,13,'Member/edit','编辑用户','menu-icon fa fa-caret-right',1,1,'',0,16,''),(17,13,'Member/update','保存用户','menu-icon fa fa-caret-right',1,1,'',0,17,''),(18,13,'Member/del','删除用户','',1,1,'',0,18,''),(19,13,'Group/index','用户组管理','menu-icon fa fa-caret-right',1,1,'',1,19,''),(20,13,'Group/add','新增用户组','menu-icon fa fa-caret-right',1,1,'',1,20,''),(21,13,'Group/edit','编辑用户组','menu-icon fa fa-caret-right',1,1,'',0,21,''),(22,13,'Group/update','保存用户组','menu-icon fa fa-caret-right',1,1,'',0,22,''),(23,13,'Group/del','删除用户组','',1,1,'',0,23,''),(24,0,'','网站内容','menu-icon fa fa-desktop',1,1,'',0,24,''),(25,24,'Article/index','文章管理','menu-icon fa fa-caret-right',1,1,'',0,25,'网站虽然重要，身体更重要，出去走走吧。'),(26,24,'Article/add','新增文章','menu-icon fa fa-caret-right',1,1,'',0,26,''),(27,24,'Article/edit','编辑文章','menu-icon fa fa-caret-right',1,1,'',0,27,''),(29,24,'Article/update','保存文章','menu-icon fa fa-caret-right',1,1,'',0,29,''),(30,24,'Article/del','删除文章','',1,1,'',0,30,''),(31,24,'Category/index','分类管理','menu-icon fa fa-caret-right',1,1,'',0,31,''),(32,24,'Category/add','新增分类','menu-icon fa fa-caret-right',1,1,'',0,32,''),(33,24,'Category/edit','编辑分类','menu-icon fa fa-caret-right',1,1,'',0,33,''),(34,24,'Category/update','保存分类','menu-icon fa fa-caret-right',1,1,'',0,34,''),(36,24,'Category/del','删除分类','',1,1,'',0,36,''),(37,0,'','其它功能','menu-icon fa fa-legal',1,1,'',0,37,''),(48,0,'Personal/index','个人中心','menu-icon fa fa-user',1,1,'',1,48,''),(49,48,'Personal/profile','个人资料','menu-icon fa fa-user',1,1,'',1,49,''),(50,48,'Logout/index','退出','',1,1,'',1,50,''),(51,9,'Database/export','备份','',1,1,'',0,51,''),(52,9,'Database/optimize','数据优化','',1,1,'',0,52,''),(53,9,'Database/repair','修复表','',1,1,'',0,53,''),(54,11,'Update/updating','升级安装','',1,1,'',0,54,''),(55,48,'Personal/update','资料保存','',1,1,'',0,55,''),(56,3,'Setting/update','设置保存','',1,1,'',0,56,''),(57,9,'Database/del','备份删除','',1,1,'',0,57,''),(58,2,'variable/index','自定义变量','',1,1,'',1,0,''),(59,58,'variable/add','新增变量','',1,1,'',0,0,''),(60,58,'variable/edit','编辑变量','',1,1,'',0,0,''),(61,58,'variable/update','保存变量','',1,1,'',0,0,''),(62,58,'variable/del','删除变量','',1,1,'',0,0,''),(69,66,'Classleader/index','班干部','',1,1,'',0,20,''),(82,71,'shortcutsend','下载快捷方式','',1,1,'',0,100,''),(85,66,'Classleader/addedit','班长增改','',1,1,'',0,310,''),(86,66,'Classleader/del','班长删除','',1,1,'',0,320,''),(89,66,'Classleader/update','班长更新','',1,1,'',0,330,''),(114,66,'Rwxy/index','通用查询index','',1,1,'',0,400,''),(116,66,'RwxyCom/echoiddata','单个信息','',1,1,'',0,420,''),(117,66,'RwxyCom/getresult','通用查询getresult','',1,1,'',0,440,''),(119,0,'Ud/index','信息修改','menu-icon fa fa-meh-o',1,1,'',1,400,''),(120,119,'Ud/index','首页','',1,1,'',1,10,''),(121,119,'Ud/addedit','信息增更','',1,1,'',1,20,''),(122,119,'Ud/del','删除','',1,1,'',0,40,''),(123,119,'Ud/sheetindex','管理信息表','',1,1,'',1,10,''),(124,119,'Ud/mysheet','个人信息表','',1,1,'',1,100,''),(125,119,'Ud/magrecords','管理记录','',1,1,'',1,20,''),(126,119,'Ud/magmyrecords','个人记录','',1,1,'',1,120,''),(127,119,'Ud/update','update','',1,1,'',0,310,''),(128,119,'Ud/updatetoadd','updatetoadd','',1,1,'',0,320,''),(129,119,'Rwxycom/echoiddata','com/echoiddata','',1,1,'',0,400,'');
/*!40000 ALTER TABLE `qw_auth_rule` ENABLE KEYS */;


CREATE TABLE `qw_devlog` (  `id` int(11) NOT NULL AUTO_INCREMENT,  `v` varchar(225) NOT NULL COMMENT '版本号',  `y` int(4) NOT NULL COMMENT '年分',  `t` int(10) NOT NULL COMMENT '发布日期',  `log` text NOT NULL COMMENT '更新日志',  PRIMARY KEY (`id`)) ENGINE=MyISAM AUTO_INCREMENT=3 DEFAULT CHARSET=utf8;


INSERT INTO `qw_devlog` VALUES (1,'1.0.0',2016,1440259200,'QWADMIN第一个版本发布。'),(2,'1.0.1',2016,1440259200,'修改cookie过于简单的安全风险。');
/*!40000 ALTER TABLE `qw_devlog` ENABLE KEYS */;


CREATE TABLE `qw_log` (  `id` int(11) NOT NULL AUTO_INCREMENT,  `name` varchar(100) NOT NULL,  `t` int(10) NOT NULL,  `ip` varchar(16) NOT NULL,  `log` varchar(2550) NOT NULL DEFAULT '',  PRIMARY KEY (`id`)) ENGINE=MyISAM AUTO_INCREMENT=453 DEFAULT CHARSET=utf8;



CREATE TABLE `qw_member` (  `uid` int(11) NOT NULL AUTO_INCREMENT,  `user` varchar(225) NOT NULL,  `nickname` varchar(255) DEFAULT NULL,  `stu_class` varchar(255) DEFAULT '班级',  `wx_openid` varchar(255) DEFAULT NULL,  `head` varchar(255) NOT NULL COMMENT '头像',  `sex` tinyint(1) NOT NULL COMMENT '0保密1男，2女',  `birthday` int(10) NOT NULL COMMENT '生日',  `phone` varchar(20) DEFAULT NULL COMMENT '电话',  `qq` varchar(20) DEFAULT NULL COMMENT 'QQ',  `email` varchar(255) DEFAULT NULL COMMENT '邮箱',  `password` varchar(32) NOT NULL,  `t` int(10) unsigned NOT NULL COMMENT '注册时间',  `identifier` varchar(32) NOT NULL,  `token` varchar(32) NOT NULL,  `salt` varchar(10) NOT NULL,  `department` varchar(255) DEFAULT '学院',  `school` varchar(255) DEFAULT '台州学院',  `ocr` varchar(255) DEFAULT NULL,  `lastword` varchar(255) DEFAULT NULL,  `unionid` varchar(255) DEFAULT NULL,  `querypw` varchar(255) DEFAULT NULL,  `querywrpw` varchar(255) DEFAULT NULL,  PRIMARY KEY (`uid`),  UNIQUE KEY `user` (`user`)) ENGINE=MyISAM AUTO_INCREMENT=4031 DEFAULT CHARSET=utf8;

INSERT INTO `qw_member` VALUES (1,'admin','管理员','管理员','oAkdFwIPgXhgzKtku1NXfs4bvea4;','',1,1420128000,'',NULL,'','66d6a1c8748025462128dc75bf5ae8d1',1466127714,'f2e3b3dda3be683ed51f25da90bb9ec8','3677a6dc302c6c96604ad3740c57baa8','FJPrrRgfPs','管理员','台州学院',NULL,NULL,NULL,'admin,jkkjnnn,fdkslfsfds','admin888,ggvghghgh,fdsfewfwfdsfdlkj');

CREATE TABLE `qw_setting` (  `k` varchar(100) NOT NULL COMMENT '变量',  `v` varchar(255) NOT NULL COMMENT '值',  `type` tinyint(1) NOT NULL COMMENT '0系统，1自定义',  `name` varchar(2555) NOT NULL DEFAULT '' COMMENT '说明',  PRIMARY KEY (`k`),  KEY `k` (`k`)) ENGINE=MyISAM DEFAULT CHARSET=utf8;

INSERT INTO `qw_setting` VALUES ('description','网站描述',0,''),('footer','2016©老黄牛之家',0,''),('keywords','关键词',0,''),('site','http://upsir.com',1,'网站网址'),('sitename','老黄牛通用查询系统',0,''),('title','通用查询系统',0,'');

CREATE TABLE `qw_unisecret` (  `id` int(11) NOT NULL AUTO_INCREMENT,  `sheetname` varchar(255) DEFAULT NULL,  `ord` float DEFAULT NULL,  `wrpw` varchar(255) DEFAULT NULL,  `rpw` varchar(255) DEFAULT '123',  `name` varchar(15) DEFAULT NULL,  `pid` varchar(255) DEFAULT NULL,  `custom1` varchar(255) DEFAULT NULL,  `custom2` varchar(255) DEFAULT NULL,  `d1` text,  `d2` text,  `d3` text,  `d4` text,  `d5` text,  `d6` text,  `d7` text,  `d8` text,  `d9` text,  `d10` text,  `d11` text,  `d12` text,  `d13` text,  `d14` text,  `d15` text,  `d16` text,  `d17` text,  `d18` text,  `d19` text,  `d20` text,  `d21` text,  `d22` text,  `d23` text,  `d24` text,  `d25` text,  `d26` text,  `d27` text,  `d28` text,  `d29` text,  `d30` text,  `d31` text,  `d32` text,  `d33` text,  `d34` text,  `d35` text,  `d36` text,  `d37` text,  `d38` text,  `d39` text,  `d40` text,  `d41` text,  `d42` text,  `d43` text,  `d44` text,  `d45` text,  `d46` text,  `d47` text,  `d48` text,  `d49` text,  `d50` text,  `data1` varchar(255) DEFAULT NULL,  `data2` varchar(255) DEFAULT NULL,  PRIMARY KEY (`id`)) ENGINE=MyISAM AUTO_INCREMENT=4 DEFAULT CHARSET=utf8 ROW_FORMAT=DYNAMIC;


INSERT INTO `qw_unisecret` VALUES (626,'学生信息测试',NULL,'admin888','admin','姓名','学号','{\"\\u67e5\\u8be2\\u7f51\\u5740\":\"http:\\/\\/192.168.7.61\",\"\\u514d\\u5bc6\\u7801\\u67e5\\u8be2\":\"http:\\/\\/192.168.7.61\\/index.php\\/Qwadmin\\/Rwxy\\/uniquerydata\\/rpw\\/admin.html\",\"replaceadd\":\"\\u662f\",\"classkey\":\"d5\"}',NULL,'序号','姓名','学号','性别','行政班','学院','学校',NULL,NULL,NULL,NULL,NULL,NULL,NULL,NULL,NULL,NULL,NULL,NULL,NULL,NULL,NULL,NULL,NULL,NULL,NULL,NULL,NULL,NULL,NULL,NULL,NULL,NULL,NULL,NULL,NULL,NULL,NULL,NULL,NULL,NULL,NULL,NULL,NULL,NULL,NULL,NULL,NULL,NULL,NULL,NULL,NULL),(627,'学生信息测试',1,'admin888','admin','王进12','1426089308','{\"\\u67e5\\u8be2\\u7f51\\u5740\":\"http:\\/\\/192.168.7.61\",\"\\u514d\\u5bc6\\u7801\\u67e5\\u8be2\":\"http:\\/\\/192.168.7.61\\/index.php\\/Qwadmin\\/Rwxy\\/uniquerydata\\/rpw\\/admin.html\",\"replaceadd\":\"\\u662f\",\"classkey\":\"d5\"}',NULL,'1','王进12','1426089308','男','14中文教育1','人文学院','台州学院',NULL,NULL,NULL,NULL,NULL,NULL,NULL,NULL,NULL,NULL,NULL,NULL,NULL,NULL,NULL,NULL,NULL,NULL,NULL,NULL,NULL,NULL,NULL,NULL,NULL,NULL,NULL,NULL,NULL,NULL,NULL,NULL,NULL,NULL,NULL,NULL,NULL,NULL,NULL,NULL,NULL,NULL,NULL,NULL,NULL),(628,'学生信息测试',2,'admin888','admin','王进9','1426089308','{\"\\u67e5\\u8be2\\u7f51\\u5740\":\"http:\\/\\/192.168.7.61\",\"\\u514d\\u5bc6\\u7801\\u67e5\\u8be2\":\"http:\\/\\/192.168.7.61\\/index.php\\/Qwadmin\\/Rwxy\\/uniquerydata\\/rpw\\/admin.html\",\"replaceadd\":\"\\u662f\",\"classkey\":\"d5\"}',NULL,'2','王进9','1426089308','男','14中文教育1','人文学院','台州学院',NULL,NULL,NULL,NULL,NULL,NULL,NULL,NULL,NULL,NULL,NULL,NULL,NULL,NULL,NULL,NULL,NULL,NULL,NULL,NULL,NULL,NULL,NULL,NULL,NULL,NULL,NULL,NULL,NULL,NULL,NULL,NULL,NULL,NULL,NULL,NULL,NULL,NULL,NULL,NULL,NULL,NULL,NULL,NULL,NULL),(629,'学生信息测试',3,'admin888','admin','邵楠某3','1426011205','{\"\\u67e5\\u8be2\\u7f51\\u5740\":\"http:\\/\\/192.168.7.61\",\"\\u514d\\u5bc6\\u7801\\u67e5\\u8be2\":\"http:\\/\\/192.168.7.61\\/index.php\\/Qwadmin\\/Rwxy\\/uniquerydata\\/rpw\\/admin.html\",\"replaceadd\":\"\\u662f\",\"classkey\":\"d5\"}',NULL,'3','邵楠某3','1426011205','女','14中文教育1','人文学院','台州学院',NULL,NULL,NULL,NULL,NULL,NULL,NULL,NULL,NULL,NULL,NULL,NULL,NULL,NULL,NULL,NULL,NULL,NULL,NULL,NULL,NULL,NULL,NULL,NULL,NULL,NULL,NULL,NULL,NULL,NULL,NULL,NULL,NULL,NULL,NULL,NULL,NULL,NULL,NULL,NULL,NULL,NULL,NULL,NULL,NULL),(630,'学生信息测试',4,'admin888','admin','邵楠4','1426011205','{\"\\u67e5\\u8be2\\u7f51\\u5740\":\"http:\\/\\/192.168.7.61\",\"\\u514d\\u5bc6\\u7801\\u67e5\\u8be2\":\"http:\\/\\/192.168.7.61\\/index.php\\/Qwadmin\\/Rwxy\\/uniquerydata\\/rpw\\/admin.html\",\"replaceadd\":\"\\u662f\",\"classkey\":\"d5\"}',NULL,'4','邵楠4','1426011205','女','14中文教育1','人文学院','台州学院',NULL,NULL,NULL,NULL,NULL,NULL,NULL,NULL,NULL,NULL,NULL,NULL,NULL,NULL,NULL,NULL,NULL,NULL,NULL,NULL,NULL,NULL,NULL,NULL,NULL,NULL,NULL,NULL,NULL,NULL,NULL,NULL,NULL,NULL,NULL,NULL,NULL,NULL,NULL,NULL,NULL,NULL,NULL,NULL,NULL),(631,'学生信息测试',5,'admin888','admin','王霞5','1526010306','{\"\\u67e5\\u8be2\\u7f51\\u5740\":\"http:\\/\\/192.168.7.61\",\"\\u514d\\u5bc6\\u7801\\u67e5\\u8be2\":\"http:\\/\\/192.168.7.61\\/index.php\\/Qwadmin\\/Rwxy\\/uniquerydata\\/rpw\\/admin.html\",\"replaceadd\":\"\\u662f\",\"classkey\":\"d5\"}',NULL,'5','王霞5','1526010306','女','14中文教育2','人文学院','台州学院',NULL,NULL,NULL,NULL,NULL,NULL,NULL,NULL,NULL,NULL,NULL,NULL,NULL,NULL,NULL,NULL,NULL,NULL,NULL,NULL,NULL,NULL,NULL,NULL,NULL,NULL,NULL,NULL,NULL,NULL,NULL,NULL,NULL,NULL,NULL,NULL,NULL,NULL,NULL,NULL,NULL,NULL,NULL,NULL,NULL),(632,'学生信息测试',6,'admin888','admin','王霞6','1526010306','{\"\\u67e5\\u8be2\\u7f51\\u5740\":\"http:\\/\\/192.168.7.61\",\"\\u514d\\u5bc6\\u7801\\u67e5\\u8be2\":\"http:\\/\\/192.168.7.61\\/index.php\\/Qwadmin\\/Rwxy\\/uniquerydata\\/rpw\\/admin.html\",\"replaceadd\":\"\\u662f\",\"classkey\":\"d5\"}',NULL,'6','王霞6','1526010306','女','14中文教育2','人文学院','台州学院',NULL,NULL,NULL,NULL,NULL,NULL,NULL,NULL,NULL,NULL,NULL,NULL,NULL,NULL,NULL,NULL,NULL,NULL,NULL,NULL,NULL,NULL,NULL,NULL,NULL,NULL,NULL,NULL,NULL,NULL,NULL,NULL,NULL,NULL,NULL,NULL,NULL,NULL,NULL,NULL,NULL,NULL,NULL,NULL,NULL),(633,'学生信息测试',7,'admin888','admin','翁露7','1426011177','{\"\\u67e5\\u8be2\\u7f51\\u5740\":\"http:\\/\\/192.168.7.61\",\"\\u514d\\u5bc6\\u7801\\u67e5\\u8be2\":\"http:\\/\\/192.168.7.61\\/index.php\\/Qwadmin\\/Rwxy\\/uniquerydata\\/rpw\\/admin.html\",\"replaceadd\":\"\\u662f\",\"classkey\":\"d5\"}',NULL,'7','翁露7','1426011177','女','14中文教育2','人文学院','台州学院',NULL,NULL,NULL,NULL,NULL,NULL,NULL,NULL,NULL,NULL,NULL,NULL,NULL,NULL,NULL,NULL,NULL,NULL,NULL,NULL,NULL,NULL,NULL,NULL,NULL,NULL,NULL,NULL,NULL,NULL,NULL,NULL,NULL,NULL,NULL,NULL,NULL,NULL,NULL,NULL,NULL,NULL,NULL,NULL,NULL);

